product,category,revenue,units_sold
Laptop,Electronics,230794570.2,256636
Smartphone,Electronics,165816628.8,255477
Desk,Furniture,88570123.2,253769
Monitor,Electronics,70569614.02,252935
Office Chair,Furniture,58526133.02,255548
Vacuum Cleaner,Home,55833933.67,254920
Smartwatch,Accessories,50809354.32,255157
Coffee Machine,Home,38031717.56,255325
Running Shoes,Sports,30191470.05,253776
Headphones,Electronics,22863347.11,256898
Backpack,Accessories,20146954.52,254861
Keyboard,Electronics,17581552.32,254942
